0.0001,0,0,0.0002
0.0005,0.0384,3.75,0.0012
0.0013,0.0768,3.75,0.0033
0.0026,0.128,4.9998,0.007
0.0043,0.1776,5.1678,0.0124
0.0066,0.2263,4.9347,0.0194
0.0093,0.2759,4.9669,0.0283
0.0126,0.326,4.9808,0.039
0.0163,0.3757,5.071,0.0513
0.0206,0.4256,4.9021,0.0654
0.0253,0.4759,5.0613,0.0813
0.0306,0.5258,4.9844,0.0988
0.0363,0.5754,5.0434,0.1178
0.0426,0.6253,4.932,0.1386
0.0493,0.6755,5.0398,0.1611
0.0566,0.7254,4.9874,0.185
0.0644,0.7755,4.9894,0.2107
0.0726,0.8255,5.0299,0.2378
0.0813,0.8752,4.9876,0.2662
0.0906,0.9252,4.9892,0.2963
0.1004,0.9755,4.9905,0.3279
0.1106,1.0255,5.023,0.3608
0.1214,1.0755,4.9893,0.395
0.1326,1.1254,5.0194,0.4304
0.1443,1.1752,4.9887,0.4671
0.1566,1.2252,4.9897,0.5051
0.1693,1.2751,5.0162,0.5442
0.1825,1.325,4.9893,0.5845
0.1963,1.3751,4.9901,0.626
0.2106,1.4252,5.0138,0.6685
0.2254,1.4753,4.9897,0.712
0.2406,1.5253,5.0121,0.7564
0.2564,1.5753,4.9895,0.8017
0.2726,1.6253,5.0106,0.8478
0.2894,1.6753,4.9894,0.8948
0.3066,1.7253,5.0093,0.9425
0.3243,1.7752,5.0083,0.9907
0.3425,1.8251,4.9889,1.0396
0.3614,1.8752,4.9895,1.0893
0.3806,1.9253,5.0074,1.1396
0.4004,1.9753,5.0066,1.1902
0.4205,2.0252,5.0058,1.2411
0.4413,2.0751,4.9888,1.2925
0.4627,2.1252,4.9892,1.3444
0.4843,2.1753,5.0211,1.3965
0.5066,2.2252,4.9887,1.4488
0.5294,2.2752,5.0042,1.5012
0.5526,2.3252,5.0037,1.5538
0.5764,2.3752,4.9887,1.6064
0.6005,2.4251,5.0176,1.659
0.6253,2.475,4.9884,1.7116
0.6507,2.5252,4.9888,1.7642
0.6764,2.5753,5.0161,1.8167
0.7026,2.6252,5.0018,1.8689
0.7294,2.6752,4.9884,1.9208
0.7565,2.7251,5.0145,1.9725
0.7843,2.7751,4.9883,2.0238
0.8126,2.8251,5.0011,2.0749
0.8414,2.8752,5.0008,2.1255
0.8706,2.9252,5.0006,2.1756
0.9004,2.9752,5.0004,2.2251
0.9306,3.0252,5.0002,2.2741
0.9614,3.0752,5,2.3225
0.9926,3.1252,4.9999,2.3701
1.0244,3.1752,4.9997,2.4171
1.0567,3.2252,4.9996,2.4634
1.0893,3.2752,5.0105,2.5087
1.1226,3.3251,4.9882,2.5532
1.1564,3.3751,4.9992,2.597
1.1905,3.4251,5.0098,2.6397
1.2253,3.4751,4.9884,2.6815
1.2605,3.5251,5.0093,2.7222
1.2964,3.5751,4.9885,2.7619
1.3326,3.6252,5.009,2.8006
1.3694,3.6751,4.9986,2.838
1.4066,3.7251,4.9985,2.8742
1.4444,3.7752,4.9985,2.9093
1.4826,3.8252,5.0082,2.943
1.5214,3.8751,4.9887,2.9754
1.5606,3.9252,5.0079,3.0065
1.6004,3.9751,4.9983,3.0362
1.6406,4.0251,4.9983,3.0644
1.6814,4.0752,4.9983,3.0912
1.7226,4.1252,5.0074,3.1164
1.7643,4.1751,4.9982,3.14
1.8067,4.2251,4.9893,3.1621
1.8493,4.2751,5.016,3.1825
1.8926,4.3251,4.9894,3.2012
1.9364,4.3751,4.9983,3.2182
1.9806,4.4251,5.0069,3.2334
2.0253,4.4751,4.9983,3.2467
2.0706,4.5251,4.9983,3.2582
2.1163,4.5751,4.9984,3.2678
2.1627,4.6251,4.9985,3.2754
2.2093,4.6751,5.0067,3.281
2.2565,4.725,4.9985,3.2846
2.3044,4.7751,4.9906,3.286
2.3527,4.8252,5.0068,3.2853
2.4013,4.8751,5.0067,3.2824
2.4506,4.9251,4.991,3.2772
2.5004,4.9751,4.999,3.2697
2.5506,5.0251,5.0068,3.2599
2.6013,5.0751,4.9991,3.2476
2.6527,5.1251,4.9917,3.2328
2.7044,5.1751,5.0069,3.2155
2.7566,5.2251,4.9994,3.1956
2.8094,5.2751,4.9996,3.173
2.8626,5.3251,4.9997,3.1477
2.9163,5.3751,4.9999,3.1196
2.9706,5.4251,5,3.0886
3.0253,5.475,5.0001,3.0547
3.0805,5.525,5.0003,3.0178
3.1364,5.5751,4.9935,2.9777
3.1926,5.6251,5.0076,2.9344
3.2494,5.6751,4.9939,2.8879
3.3066,5.7251,5.0078,2.8381
3.3643,5.775,4.9944,2.7848
3.4226,5.825,5.0014,2.728
3.4814,5.8751,4.995,2.6675
3.5406,5.9251,5.0084,2.6032
3.6003,5.975,4.9954,2.5352
3.6605,6.025,5.0022,2.4632
3.7213,6.075,4.996,2.387
3.7826,6.125,5.0027,2.3067
3.8444,6.175,4.9967,2.2219
3.9066,6.225,5.0032,2.1327
3.9693,6.275,4.9973,2.0389
4.0327,6.3251,4.9977,1.9402
4.0964,6.3751,5.0041,1.8365
4.1607,6.4251,4.9983,1.7278
4.2253,6.475,5.0046,1.6139
4.2906,6.525,4.9931,1.4944
4.3563,6.575,5.0053,1.3693
4.4226,6.625,4.994,1.2382
4.4893,6.675,5.0059,1.101
4.5566,6.725,4.9948,0.9575
4.6244,6.775,5.001,0.8073
4.6926,6.825,5.0014,0.6502
4.7614,6.875,4.9963,0.486
4.8307,6.9251,5.0023,0.3143
4.9003,6.975,5.0027,0.135
4.9706,7.025,4.9978,-0.0523
5.0413,7.075,4.9984,-0.2482
5.1126,7.125,4.999,-0.453
5.1842,7.1687,4.3779,-0.6669
5.2556,7.1396,-2.9099,-0.8891
5.3266,7.0896,-4.9969,-1.1185
5.397,7.0396,-5.0023,-1.3549
5.4669,6.9896,-5.0026,-1.5981
5.5363,6.9396,-4.9975,-1.8484
5.6051,6.8896,-5.003,-2.106
5.6735,6.8396,-4.9979,-2.371
5.7415,6.7896,-4.9981,-2.6438
5.8088,6.7396,-5.0036,-2.9242
5.8758,6.6896,-4.9985,-3.2125
5.9422,6.6396,-4.9986,-3.509
6.008,6.5896,-5.0042,-3.8137
6.0734,6.5396,-4.999,-4.1266
6.1383,6.4896,-4.9991,-4.4482
6.2027,6.4396,-4.9992,-4.7789
6.2666,6.3896,-4.9994,-5.1187
6.3301,6.3396,-4.9995,-5.4679
6.3929,6.2896,-5.0051,-5.8262
6.4553,6.2396,-4.9943,-6.1944
6.5172,6.1896,-5.0054,-6.5726
6.5786,6.1396,-4.9945,-6.9611
6.6394,6.0896,-5.0056,-7.36
6.6999,6.0396,-4.9947,-7.7697
6.7598,5.9896,-5.0003,-8.1908
6.8191,5.9396,-5.0059,-8.6228
6.8781,5.8896,-4.9949,-9.0662
6.9365,5.8396,-5.0005,-9.522
6.9944,5.7896,-5.0006,-9.9899
7.0518,5.7396,-5.0006,-10.4703
7.1086,5.6896,-5.0006,-10.9633
7.1651,5.6396,-4.995,-11.4699
7.221,5.5896,-5.0063,-11.9898
7.2764,5.5396,-4.995,-12.5234
7.3312,5.4896,-5.0062,-13.0709
7.3856,5.4396,-4.9949,-13.6327
7.4396,5.3896,-5.0005,-14.2098
7.493,5.3396,-5.0004,-14.8019
7.5458,5.2896,-5.0003,-15.4093
7.5982,5.2396,-5.0002,-16.0324
7.6501,5.1896,-5,-16.6714
7.7015,5.1396,-4.9999,-17.3267
7.7524,5.0896,-4.9997,-17.9986
7.8028,5.0396,-4.9995,-18.6875
7.8527,4.9896,-4.9992,-19.3936
7.9021,4.9396,-4.9989,-20.1174
7.951,4.8896,-4.9986,-20.8589
7.9994,4.8396,-5.0041,-21.6178
8.0473,4.7896,-4.9979,-22.3941
8.0948,4.7396,-4.9975,-23.1891
8.1416,4.6896,-5.0029,-24.0018
8.188,4.6396,-5.0025,-24.8316
8.2339,4.5896,-4.9961,-25.6795
8.2792,4.5396,-5.0014,-26.5455
8.3242,4.4899,-4.9692,-27.4297
8.3687,4.4416,-4.8258,-28.3322
8.4126,4.3952,-4.6407,-29.2517
8.4561,4.3507,-4.457,-30.1881
8.4992,4.308,-4.2694,-31.1425
8.5418,4.2671,-4.0933,-32.1146
8.5841,4.228,-3.9082,-33.1043
8.626,4.1906,-3.729,-34.1126
8.6676,4.1551,-3.555,-35.138
8.7088,4.1214,-3.3731,-36.1801
8.7497,4.0894,-3.1964,-37.2398
8.7902,4.0592,-3.0241,-38.3153
8.8306,4.0307,-2.8413,-39.4076
8.8706,4.004,-2.6734,-40.516
8.9104,3.9791,-2.4957,-41.6386
8.9499,3.9559,-2.3219,-42.776
8.9893,3.9344,-2.1486,-43.9276
9.0284,3.9146,-1.9756,-45.0926
9.0674,3.8966,-1.803,-46.27
9.1062,3.8803,-1.6307,-47.4591
9.1449,3.8657,-1.4588,-48.6588
9.1834,3.8528,-1.2871,-49.8681
9.2218,3.8417,-1.1157,-51.0859
9.2601,3.8322,-0.9446,-52.3112
9.2984,3.8245,-0.7737,-53.5427
9.3366,3.8184,-0.603,-54.7793
9.3747,3.8141,-0.4326,-56.0197
9.4128,3.8115,-0.2623,-57.2627
9.4509,3.8106,-0.0922,-58.5071
9.489,3.8114,0.0778,-59.7516
9.5271,3.8138,0.2476,-60.9948
9.5653,3.818,0.4173,-62.2357
9.6036,3.8239,0.5868,-63.4728
9.6419,3.8314,0.7562,-64.7051
9.6803,3.8407,0.9256,-65.9314
9.7188,3.8516,1.0948,-67.1504
9.7575,3.8643,1.264,-68.3611
9.7963,3.8786,1.4331,-69.5624
9.8352,3.8946,1.6041,-70.7518
9.8743,3.9123,1.7684,-71.9298
9.9137,3.9317,1.9396,-73.0972
9.9532,3.9528,2.1085,-74.2515
9.993,3.9756,2.2774,-75.392
10.0329,4.0001,2.4494,-76.5164
10.0732,4.0262,2.6113,-77.6257
10.1137,4.054,2.7835,-78.7207
10.1545,4.0835,2.9524,-79.7995
10.1958,4.1148,3.1171,-80.8631
10.2372,4.1477,3.2949,-81.9095
10.279,4.1823,3.4548,-82.9384
10.3212,4.2186,3.6287,-83.9511
10.3638,4.2565,3.7981,-84.9457
10.4067,4.2961,3.9675,-85.9222
10.4501,4.3375,4.1314,-86.8818
10.4939,4.3805,4.3068,-87.8244
10.5382,4.4253,4.4707,-88.7498
10.5829,4.4717,4.6472,-89.658
10.6281,4.5199,4.8111,-90.5491
10.6738,4.5695,4.967,-91.423
10.7199,4.6195,5.0037,-92.2786
10.7667,4.6695,4.9892,-93.1185
10.8139,4.7196,5.0096,-93.9415
10.8616,4.7696,4.9951,-94.7466
10.9097,4.8195,5.0087,-95.5341
10.9584,4.8695,4.9942,-96.3043
11.0076,4.9195,5.0008,-97.0584
11.0573,4.9695,5.0005,-97.7956
11.1075,5.0195,5.0002,-98.5163
11.1582,5.0695,4.9999,-99.2207
11.2094,5.1195,4.9996,-99.9092
11.2611,5.1695,4.9994,-100.582
11.3134,5.2196,4.9992,-101.2395
11.366,5.2696,5.0062,-101.8811
11.4191,5.3195,4.9989,-102.5071
11.4728,5.3695,4.9987,-103.1189
11.527,5.4195,4.9986,-103.7168
11.5818,5.4695,4.9985,-104.301
11.6369,5.5195,5.0058,-104.8711
11.6923,5.5321,1.2566,-105.4258
11.7471,5.483,-4.9081,-105.9616
11.8015,5.433,-5.0007,-106.476
11.8553,5.3829,-5.0023,-106.9699
11.9086,5.333,-5.004,-107.4441
11.9615,5.2829,-4.9892,-107.9008
12.0139,5.2329,-5.007,-108.3407
12.0655,5.1829,-5.0089,-108.7628
12.117,5.1329,-4.9843,-109.1701
12.1678,5.0829,-5.0118,-109.5629
12.2182,5.0329,-4.9955,-109.9412
12.2679,4.9829,-5.0059,-110.306
12.3172,4.933,-4.998,-110.658
12.366,4.883,-4.9991,-110.998
12.4144,4.833,-5.0003,-111.3266
12.4622,4.783,-5.0015,-111.644
12.5096,4.7329,-4.9924,-111.9513
12.5563,4.6829,-5.0143,-112.2482
12.6028,4.6329,-4.984,-112.5355
12.6485,4.5828,-5.0171,-112.8136
12.694,4.5328,-4.9855,-113.0828
12.7388,4.4828,-5.0085,-113.3438
12.7832,4.4327,-4.9984,-113.5964
12.8269,4.3828,-5.0112,-113.8408
12.8702,4.3329,-4.9887,-114.0777
12.9131,4.2828,-5.0013,-114.3079
12.9554,4.2328,-5.0023,-114.5311
12.9972,4.1828,-5.0034,-114.7475
13.0386,4.1328,-4.9914,-114.9577
13.0795,4.0827,-5.0051,-115.1619
13.1197,4.0328,-5.0063,-115.3597
13.1596,3.9828,-4.9937,-115.5519
13.1988,3.9328,-5.0083,-115.7385
13.2378,3.8828,-4.981,-115.9202
13.276,3.8327,-5.0245,-116.0965
13.3139,3.7828,-4.982,-116.2677
13.3512,3.7327,-5.0121,-116.4344
13.388,3.6828,-4.9981,-116.5961
13.4243,3.6328,-4.9987,-116.7534
13.4602,3.5828,-4.9994,-116.9064
13.4955,3.5327,-5.0001,-117.0553
13.5304,3.4827,-5.0008,-117.2001
13.5647,3.4327,-5.0016,-117.3408
13.5985,3.3827,-5.0024,-117.4777
13.6317,3.3328,-5.0032,-117.6107
13.6647,3.2828,-4.9861,-117.7404
13.6971,3.2326,-5.0043,-117.8668
13.7289,3.1826,-5.0052,-117.9895
13.7602,3.1326,-5.0062,-118.1087
13.7911,3.0826,-4.9876,-118.2249
13.8214,3.0325,-5.0075,-118.338
13.8511,2.9826,-5.0087,-118.4477
13.8805,2.9327,-4.9889,-118.5545
13.9092,2.8827,-5.0102,-118.6584
13.9376,2.8327,-4.9896,-118.7595
13.9654,2.7827,-5.0118,-118.8579
13.9927,2.7328,-4.9904,-118.9535
14.0197,2.6826,-4.9904,-119.0469
14.046,2.6325,-5.0141,-119.1377
14.0719,2.5824,-4.9913,-119.2258
14.0971,2.5324,-5.0162,-119.3114
14.122,2.4825,-4.9923,-119.3944
14.146,2.414,-6.8972,-107.4431
14.1703,2.4374,2.3423,-65.2306
14.1951,2.4816,4.4262,-38.9866
14.2205,2.5316,4.9955,-27.8456
14.2463,2.5815,4.9957,-22.0005
14.2726,2.6315,4.9958,-18.3499
14.2994,2.6815,4.9967,-15.8143
14.3268,2.7315,4.9975,-13.9282
14.3546,2.7815,5.0003,-12.4577
14.3829,2.8315,4.9989,-11.2706
14.4117,2.8814,4.9984,-10.2863
14.441,2.9314,4.995,-9.4525
14.4708,2.9815,5.0022,-8.7347
14.5012,3.0314,4.9988,-8.1089
14.5319,3.0814,5.0008,-7.5568
14.5633,3.1314,4.9968,-7.0647
14.5951,3.1814,5.0039,-6.6227
14.6274,3.2314,4.9971,-6.2228
14.6602,3.2814,4.9978,-5.8584
14.6935,3.3314,4.9978,-5.5245
14.7274,3.3814,5.0017,-5.2173
14.7617,3.4314,5.0007,-4.9336
14.7965,3.4814,4.9992,-4.6703
14.8318,3.5314,5.002,-4.4252
14.8676,3.5814,4.9949,-4.1962
14.9039,3.6314,5.0019,-3.9814
14.9408,3.6814,4.9991,-3.7798
14.9781,3.7314,5.0009,-3.5898
15.0158,3.7814,5.0026,-3.4107
15.0542,3.8314,4.9943,-3.2411
15.093,3.8814,5.0006,-3.0802
15.1323,3.9314,5.0019,-2.9275
15.1721,3.9814,4.998,-2.7823
15.2124,4.0314,5.0042,-2.644
15.2532,4.0813,4.995,-2.512
15.2945,4.1313,5.001,-2.3859
15.3363,4.1813,5.0019,-2.2652
15.3786,4.2313,4.9976,-2.1497
15.4215,4.2813,4.9983,-2.0388
15.4648,4.3314,4.999,-1.9323
15.5086,4.3814,5.0049,-1.83
15.553,4.4314,4.9952,-1.7316
15.5977,4.4813,5.0061,-1.6369
15.6431,4.5313,4.9911,-1.5456
15.6888,4.5813,5.0072,-1.4575
15.7352,4.6313,4.9973,-1.3725
15.782,4.6813,4.9978,-1.2904
15.8293,4.7313,5.0035,-1.211
15.8771,4.7813,4.9987,-1.1342
15.9255,4.8313,4.9939,-1.0597
15.9742,4.8813,5.01,-0.9877
16.0235,4.9313,4.9947,-0.9179
16.0733,4.9813,5.0002,-0.8502
16.1237,5.0313,4.9954,-0.7844
16.1745,5.0813,5.0062,-0.7206
16.2258,5.1313,4.996,-0.6586
16.2777,5.1813,5.0016,-0.5983
16.3299,5.2313,5.0019,-0.5397
16.3828,5.2813,4.997,-0.4828
16.436,5.3313,5.0025,-0.4273
16.4899,5.3813,4.9975,-0.3733
16.5442,5.4313,4.9978,-0.3206
16.599,5.4813,5.0033,-0.2694
16.6544,5.5313,4.9984,-0.2194
16.7101,5.5813,5.0038,-0.1707
16.7665,5.6313,4.9937,-0.1231
16.8233,5.6813,5.0043,-0.0767
16.8806,5.7313,4.9994,-0.0314
16.9384,5.7813,4.9996,0.0128
16.9967,5.8313,4.9998,0.056
17.0555,5.8813,5.0001,0.0982
17.1149,5.9313,4.9952,0.1395
17.1746,5.9813,5.0056,0.1798
17.235,6.0313,4.9957,0.2193
17.2957,6.0813,5.006,0.2578
17.357,6.1313,4.9961,0.2956
17.4189,6.1813,4.9964,0.3325
17.4811,6.2313,5.0067,0.3687
17.5441,6.2813,4.9919,0.4041
17.6073,6.3313,5.0071,0.4388
17.6711,6.3813,4.9973,0.4728
17.7355,6.4313,4.9975,0.5061
17.8003,6.4813,5.0027,0.5387
17.8656,6.5313,4.998,0.5707
17.9314,6.5813,5.0032,0.602
17.9977,6.6313,4.9985,0.6327
18.0645,6.6812,4.9987,0.6628
18.1318,6.7313,4.9989,0.6924
18.1997,6.7813,4.9992,0.7214
18.2679,6.8313,5.0042,0.7498
18.3368,6.8813,4.9949,0.7777
18.4061,6.9313,5.0047,0.8051
18.4759,6.9813,4.9954,0.832
18.5461,7.0313,5.0052,0.8583
18.617,7.0812,4.9959,0.8842
18.6883,7.1312,5.0009,0.9097
18.7602,7.1812,4.9965,0.9346
18.8324,7.2312,5.0061,0.9592
18.9053,7.2812,4.9924,0.9832
18.9785,7.3313,5.0066,1.0069
19.0523,7.3812,4.9976,1.0301
19.1267,7.4312,4.9979,1.0529
19.2015,7.4812,5.0028,1.0754
19.2768,7.5312,4.9985,1.0974
19.3526,7.5812,4.9988,1.119
19.429,7.6297,4.8424,1.1403
19.505,7.6136,-1.6097,1.161
19.5807,7.5636,-4.9945,1.1813
19.6558,7.5136,-5.004,1.2009
19.7304,7.4636,-4.9999,1.2199
19.8045,7.4136,-5.0003,1.2383
19.8783,7.3636,-4.996,1.2563
19.9513,7.3136,-5.0057,1.2737
20.024,7.2636,-4.9967,1.2906
20.0961,7.2136,-5.0017,1.307
20.1677,7.1636,-5.0021,1.323
20.2389,7.1136,-4.9976,1.3385
20.3096,7.0636,-4.9978,1.3536
20.3797,7.0135,-5.003,1.3683
20.4493,6.9636,-5.0034,1.3825
20.5185,6.9136,-4.9937,1.3964
20.5871,6.8635,-5.0039,1.4099
20.6553,6.8135,-4.9992,1.423
20.7229,6.7635,-4.9994,1.4357
20.79,6.7136,-5.0048,1.4481
20.8567,6.6636,-4.9948,1.4602
20.9228,6.6135,-5.0001,1.4719
20.9884,6.5635,-5.0056,1.4833
21.0535,6.5136,-4.9954,1.4944
21.1182,6.4636,-5.0008,1.5052
21.1823,6.4135,-5.001,1.5157
21.2459,6.3636,-5.0012,1.5259
21.3091,6.3136,-4.996,1.5358
21.3718,6.2635,-5.0015,1.5454
21.4339,6.2135,-5.0017,1.5548
21.4955,6.1635,-5.0019,1.5639
21.5567,6.1135,-4.9966,1.5727
21.6173,6.0635,-5.0022,1.5813
21.6773,6.0136,-5.0024,1.5896
21.737,5.9636,-4.997,1.5977
21.7962,5.9136,-4.9971,1.6056
21.8548,5.8635,-5.0028,1.6132
21.9129,5.8136,-5.003,1.6206
21.9705,5.7636,-4.9974,1.6277
22.0277,5.7136,-4.9975,1.6346
22.0844,5.6635,-5.0034,1.6414
22.1405,5.6135,-4.9977,1.6479
22.1961,5.5635,-5.0036,1.6541
22.2513,5.5135,-4.9979,1.6602
22.3059,5.4635,-4.9979,1.6661
22.36,5.4135,-5.0039,1.6718
22.4137,5.3635,-4.9981,1.6772
22.4669,5.3135,-4.9981,1.6825
22.5195,5.2635,-5.0042,1.6876
22.5716,5.2135,-4.9982,1.6925
22.6233,5.1635,-4.9983,1.6972
22.6744,5.1135,-5.0044,1.7017
22.725,5.0635,-4.9984,1.706
22.7751,5.0135,-4.9984,1.7101
22.8248,4.9635,-4.9984,1.7141
22.8739,4.9135,-5.0047,1.7178
22.9225,4.8635,-4.9985,1.7214
22.9707,4.8135,-4.9984,1.7248
23.0183,4.7635,-4.9984,1.728
23.0654,4.7135,-5.0048,1.7311
23.1121,4.6635,-4.9984,1.734
23.1582,4.6135,-4.9984,1.7367
23.2039,4.5635,-4.9984,1.7392
23.249,4.5135,-5.0049,1.7416
23.2936,4.4635,-4.9983,1.7438
23.3377,4.4135,-4.9983,1.7458
23.3814,4.3635,-4.9982,1.7477
23.4245,4.3135,-5.0049,1.7494
23.4671,4.2635,-4.9981,1.7509
23.5093,4.2135,-4.998,1.7523
23.5509,4.1635,-5.0048,1.7535
23.5921,4.1135,-4.991,1.7545
23.6326,4.0635,-5.0116,1.7553
23.6728,4.0135,-4.9907,1.756
23.7125,3.9635,-5.0045,1.7566
23.7516,3.9135,-4.9974,1.7569
23.7902,3.8635,-5.0044,1.7572
23.8283,3.8136,-4.9971,1.7572
23.866,3.7636,-4.9969,1.7571
23.9031,3.7135,-5.004,1.7568
23.9398,3.6635,-4.9966,1.7564
23.9759,3.6135,-5.0038,1.7558
24.0116,3.5635,-4.9962,1.755
24.0467,3.5135,-5.0034,1.7541
24.0813,3.4635,-4.9957,1.753
24.1155,3.4135,-5.0031,1.7517
24.1491,3.3635,-5.0029,1.7503
24.1822,3.3136,-4.995,1.7488
24.2148,3.2636,-5.0024,1.7471
24.247,3.2135,-4.9943,1.7452
24.2787,3.1635,-5.0018,1.7431
24.3097,3.1135,-5.0097,1.741
24.3404,3.0636,-4.9933,1.7386
24.3705,3.0135,-5.013,1.7263
24.4002,2.9631,-5.0228,1.5881
24.4293,2.9131,-5.0064,1.3941
24.4579,2.8631,-4.9989,1.1733
24.486,2.8131,-5.0038,0.918
24.5137,2.7631,-4.9944,0.6165
24.5408,2.713,-5.0081,0.2515
24.5674,2.663,-5.0038,-0.2049
24.5936,2.613,-5.0023,-0.8046
24.6192,2.563,-5.0098,-1.6506
24.6443,2.5128,-5.0074,-3.0002
24.6689,2.4626,-5.0301,-5.8005
24.6931,2.4145,-4.8073,-33.7789
24.7174,2.4348,2.0264,-160.8717
24.7423,2.4841,4.9326,-167.5517
24.7676,2.5339,4.9802,-169.5722
24.7934,2.5838,4.9881,-170.6891
24.8198,2.6338,4.9884,-171.435
24.8467,2.6837,5.0004,-171.9839
24.874,2.7337,4.9939,-172.4133
24.9018,2.7836,5.0022,-172.7638
24.9302,2.8336,4.9922,-173.0589
24.959,2.8836,5,-173.3135
24.9883,2.9336,4.996,-173.5371
25.0181,2.9835,5.0022,-173.7364
25.0485,3.0335,4.991,-173.9164
25.0793,3.0836,5.0075,-174.0805
25.1107,3.1335,4.9921,-174.2315
25.1425,3.1835,5.0063,-174.3715
25.1748,3.2335,4.9959,-174.5021
25.2077,3.2835,4.9923,-174.625
25.2411,3.3336,5.0046,-174.7409
25.2749,3.3836,5,-174.8508
25.3092,3.4335,5.0033,-174.9552
25.344,3.4835,4.9976,-175.055
25.3794,3.5335,4.9914,-175.1509
25.4152,3.5835,5.0112,-175.243
25.4515,3.6334,4.9957,-175.3317
25.4883,3.6834,4.9974,-175.4176
25.5257,3.7334,4.9991,-175.5009
25.5635,3.7834,5.0006,-175.5818
25.6019,3.8335,4.9929,-175.6606
25.6407,3.8835,5.0126,-175.7373
25.6801,3.9335,4.9861,-175.8123
25.7198,3.9835,5.015,-175.8856
25.7602,4.0334,4.988,-175.9574
25.8011,4.0835,4.9982,-176.028
25.8424,4.1335,5.0086,-176.0973
25.8843,4.1835,4.9905,-176.1654
25.9265,4.2335,5.0102,-176.2325
25.9694,4.2835,4.9919,-176.2986
26.0128,4.3335,5.002,-176.3639
26.0566,4.3835,5.0027,-176.4284
26.1009,4.4335,4.9936,-176.4921
26.1458,4.4835,5.0038,-176.5553
26.191,4.5334,5.0043,-176.6177
26.2368,4.5834,4.9951,-176.6796
26.2832,4.6334,4.9955,-176.741
26.33,4.6834,5.0057,-176.802
26.3774,4.7334,4.9964,-176.8626
26.4253,4.7835,4.9967,-176.9229
26.4736,4.8335,5.0069,-176.9828
26.5224,4.8834,4.9975,-177.0423
26.5718,4.9334,4.9978,-177.1016
26.6215,4.9834,5.0079,-177.1606
26.6719,5.0334,4.9886,-177.2195
26.7227,5.0834,5.0085,-177.2783
26.7741,5.1334,4.9892,-177.3369
26.8259,5.1834,5.009,-177.3954
26.8782,5.2334,4.9995,-177.4537
26.931,5.2833,4.9997,-177.512
26.9845,5.3334,4.9902,-177.5703
27.0383,5.3834,5.01,-177.6286
27.0925,5.4334,5.0004,-177.6868
27.1475,5.4834,4.9908,-177.7452
27.2027,5.5334,5.0106,-177.8035
27.2586,5.5834,4.9912,-177.8619
27.3148,5.6334,5.011,-177.9203
27.3717,5.6833,4.9916,-177.9788
27.429,5.7333,5.0015,-178.0375
27.487,5.7834,4.992,-178.0964
27.5452,5.8334,5.0116,-178.1555
27.6041,5.8834,4.9923,-178.2146
27.6635,5.9334,5.0022,-178.274
27.7232,5.9834,5.0023,-178.3335
27.7837,6.0334,4.9928,-178.3933
27.8443,6.0834,5.0124,-178.4532
27.9057,6.1333,4.9931,-178.5134
27.9676,6.1834,4.9932,-178.574
28.03,6.2334,5.003,-178.6348
28.0929,6.2835,5.0032,-178.6959
28.1561,6.3334,5.0033,-178.7573
28.22,6.3834,4.9938,-178.8189
28.2843,6.4334,5.0036,-178.881
28.3492,6.4834,4.9941,-178.9434
28.4145,6.5334,5.0038,-179.0062
28.4802,6.5834,5.0039,-179.0693
28.5466,6.6334,4.9945,-179.1328
28.6134,6.6833,5.0041,-179.1967
28.6807,6.7333,4.9947,-179.2611
28.7485,6.7833,5.0044,-179.3258
28.8169,6.8333,4.995,-179.3911
28.8857,6.8833,5.0046,-179.4568
28.9551,6.9333,4.9953,-179.523
29.0248,6.9833,5.0048,-179.5897
29.0952,7.0333,4.9955,-179.6569
29.1662,7.0833,4.9956,-179.7248
29.2375,7.1334,5.0051,-179.7931
29.3092,7.1833,5.0052,-179.8619
29.3815,7.2333,4.996,-179.9313
29.4544,7.2833,4.9961,179.9987
29.5276,7.3333,5.0055,179.9281
29.6015,7.3832,4.9963,179.8569
29.6759,7.4333,4.9965,179.7849
29.7507,7.4833,5.0058,179.7124
29.826,7.5333,4.9967,179.6392
29.902,7.5833,4.9969,179.5652
29.9782,7.6333,5.0061,179.4906
30.055,7.6833,4.9971,179.4152
30.1325,7.7333,4.9972,179.3391
30.2102,7.7833,5.0064,179.2623
30.2885,7.8332,4.9974,179.1847
30.3673,7.8832,4.9976,179.1062
30.4467,7.9333,4.9977,179.0269
30.5267,7.9826,4.9293,178.9466
30.6067,8.0001,1.7454,178.8657
30.6866,8.0001,-0.0003,178.7845
30.7665,8.0001,-0.0002,178.7029
30.8467,8.0001,-0.0002,178.6207
30.9265,8.0001,-0.0002,178.5382
31.0066,8.0001,-0.0002,178.4553
31.0865,8.0001,-0.0002,178.3719
31.1665,8.0001,-0.0002,178.288
31.2466,8.0001,-0.0002,178.2036
31.3266,8.0001,-0.0002,178.1187
31.4066,8.0001,-0.0002,178.0333
31.4867,8.0001,-0.0002,177.9474
31.5667,8.0001,-0.0002,177.8608
31.6466,8.0001,-0.0002,177.7739
31.7267,8.0001,-0.0002,177.6863
31.8067,8.0001,-0.0002,177.5981
31.8865,8.0001,-0.0002,177.5095
31.9667,8.0001,-0.0002,177.4201
32.0465,8.0001,-0.0002,177.33
32.1265,8.0001,-0.0002,177.2395
32.2066,8.0001,-0.0002,177.1482
32.2865,8,-0.0002,177.0561
32.3666,8,-0.0002,176.9635
32.4468,8,-0.0002,176.8699
32.5267,8,-0.0002,176.7757
32.6065,8,-0.0002,176.6809
32.6867,8,-0.0002,176.5853
32.7667,8,-0.0002,176.4887
32.8465,8,-0.0002,176.3916
32.9267,8,-0.0002,176.2936
33.0067,8,-0.0002,176.1946
33.0867,8,-0.0002,176.0948
33.1665,8,-0.0002,175.9943
33.2467,8,-0.0002,175.8928
33.3267,8,-0.0002,175.7903
33.4067,8,-0.0002,175.6869
33.4867,8,-0.0002,175.5826
33.5665,8,-0.0002,175.4774
33.6467,8,-0.0002,175.3711
33.7266,8,-0.0002,175.2638
33.8065,8,-0.0002,175.1555
33.8865,8,-0.0002,175.0462
33.9667,8,-0.0002,174.9355
34.0468,8,-0.0002,174.8237
34.1265,8,-0.0002,174.7111
34.2065,8,-0.0002,174.5974
34.2865,8,-0.0002,174.4822
34.3666,8,-0.0002,174.3658
34.4466,8,-0.0002,174.2482
34.5267,8,-0.0002,174.1293
34.6067,8,-0.0002,174.0091
34.6867,8,-0.0002,173.8876
34.7667,8,-0.0002,173.7647
34.8466,8,-0.0002,173.6405
34.9266,8,-0.0002,173.515
35.0065,8,-0.0002,173.388
35.0866,8,-0.0002,173.2594
35.1665,8,-0.0002,173.1293
35.2465,8,-0.0002,172.9977
35.3266,8,-0.0002,172.8643
35.4065,8,-0.0002,172.7295
35.4868,8,-0.0002,172.5928
35.5666,8,-0.0002,172.4544
35.6467,8,-0.0002,172.3145
35.7267,8,-0.0002,172.1726
35.8066,8,-0.0002,172.0291
35.8868,8,-0.0002,171.8835
35.9665,8,-0.0002,171.7362
36.0465,8,-0.0002,171.5871
36.1266,8,-0.0002,171.4356
36.2067,8,-0.0002,171.2819
36.2867,8,-0.0002,171.1263
36.3665,8,-0.0002,170.9687
36.4465,8,-0.0002,170.8089
36.5267,8,-0.0002,170.6464
36.6065,8,-0.0002,170.4818
36.6865,7.9999,-0.0002,170.3151
36.7666,7.9999,-0.0002,170.1456
36.8465,7.9999,-0.0002,169.9736
36.9267,7.9999,-0.0002,169.7989
37.0066,7.9999,-0.0002,169.6216
37.0864,7.9999,-0.0002,169.442
37.1667,7.9999,-0.0002,169.2592
37.2465,7.9999,-0.0002,169.0735
37.3267,7.9999,-0.0002,168.885
37.4067,7.9999,-0.0002,168.6931
37.4865,7.9999,-0.0002,168.4986
37.5665,7.9999,-0.0002,168.301
37.6465,7.9999,-0.0002,168.0998
37.7267,7.9999,-0.0002,167.895
37.8066,7.9999,-0.0002,167.6868
37.8866,7.9999,-0.0002,167.4753
37.9667,7.9999,-0.0002,167.2598
38.0466,7.9999,-0.0002,167.0407
38.1265,7.9999,-0.0002,166.818
38.2065,7.9999,-0.0002,166.5911
38.2865,7.9999,-0.0002,166.3599
38.3666,7.9999,-0.0002,166.1243
38.4467,7.9999,-0.0002,165.8842
38.5266,7.9999,-0.0002,165.6399
38.6064,7.9999,-0.0002,165.3913
38.6866,7.9999,-0.0002,165.1375
38.7665,7.9999,-0.0002,164.8786
38.8467,7.9999,-0.0002,164.6146
38.9266,7.9999,-0.0002,164.3453
39.0064,7.9999,-0.0002,164.0711
39.0866,7.9999,-0.0002,163.7908
39.1667,7.9999,-0.0002,163.5043
39.2464,7.9999,-0.0002,163.2125
39.3264,7.9837,-1.6181,162.9146
39.4059,7.9346,-4.9078,162.611
39.4847,7.8845,-5.0032,162.3032
39.5629,7.8346,-5.0033,161.9911
39.6407,7.7846,-4.9947,161.6741
39.718,7.7347,-5.0034,161.3521
39.7949,7.6847,-4.9948,161.025
39.8713,7.6346,-5.0035,160.6927
39.9472,7.5846,-4.9948,160.3551
40.0226,7.5345,-5.0036,160.0121
40.0974,7.4846,-5.0036,159.6642
40.1718,7.4346,-4.9949,159.3107
40.2456,7.3846,-5.0037,158.9514
40.3188,7.3346,-5.0037,158.587
40.3916,7.2847,-4.9949,158.2167
40.4641,7.2346,-4.9949,157.8397
40.536,7.1846,-5.0037,157.4565
40.6073,7.1346,-5.0037,157.0677
40.6782,7.0846,-4.9948,156.6726
40.7486,7.0345,-5.0037,156.2709
40.8183,6.9846,-5.0037,155.8634
40.8876,6.9346,-4.9947,155.4492
40.9564,6.8847,-5.0037,155.0281
41.0248,6.8347,-4.9946,154.6001
41.0926,6.7847,-5.0036,154.165
41.1601,6.7346,-4.9945,153.7227
41.2269,6.6846,-5.0035,153.273
41.2932,6.6346,-5.0034,152.8168
41.3591,6.5846,-4.9942,152.353
41.4244,6.5346,-5.0033,151.8815
41.4894,6.4846,-4.994,151.4022
41.5535,6.4346,-5.0123,150.9159
41.6176,6.3846,-4.9846,150.4215
41.6808,6.3346,-5.0121,149.919
41.7437,6.2846,-4.9935,149.4092
41.8061,6.2346,-5.0026,148.891
41.8678,6.1846,-5.0025,148.3654
41.9293,6.1346,-4.993,147.8311
41.9901,6.0846,-5.0021,147.2883
42.0505,6.0346,-5.0019,146.7376
42.1102,5.9846,-5.0017,146.1792
42.1697,5.9346,-4.9921,145.6119
42.2284,5.8846,-5.0108,145.0366
42.2868,5.8347,-4.9916,144.4534
42.3447,5.7846,-5.0008,143.861
42.402,5.7346,-5.0006,143.2606
42.4589,5.6846,-5.0003,142.6521
42.5152,5.6346,-5,142.0355
42.571,5.5848,-4.9864,141.4108
42.6264,5.5358,-4.8986,140.7781
42.6812,5.488,-4.7847,140.1373
42.7356,5.4413,-4.6709,139.4884
42.7897,5.3957,-4.5479,138.8302
42.8431,5.3512,-4.4516,138.1639
42.8963,5.308,-4.3203,137.4897
42.9489,5.2658,-4.2233,136.8076
43.0012,5.2249,-4.0929,136.1176
43.053,5.185,-3.9871,135.4185
43.1044,5.1463,-3.8732,134.7117
43.1555,5.1087,-3.7594,133.9972
43.2063,5.0723,-3.6381,133.2739
43.2567,5.0369,-3.5315,132.5416
43.3067,5.0028,-3.4175,131.802
43.3563,4.9698,-3.3036,131.0554
43.4058,4.9379,-3.1832,130.3002
43.4548,4.9072,-3.0757,129.5366
43.5035,4.8776,-2.9618,128.7664
43.5521,4.8491,-2.842,127.9881
43.6003,4.8218,-2.7339,127.2019
43.6482,4.7956,-2.6199,126.4097
43.6959,4.7692,-2.6452,125.61
43.7432,4.7248,-4.4391,124.8047
43.7899,4.6748,-4.9999,123.9976
43.8361,4.6248,-4.9993,123.189
43.8819,4.5749,-4.9987,122.3793
43.9271,4.5248,-4.9982,121.569
43.9719,4.4748,-4.9976,120.7584
44.0161,4.4248,-5.0081,119.9498
44.06,4.3748,-4.9854,119.1418
44.1031,4.3248,-5.0184,118.3366
44.1459,4.2748,-4.9841,117.5347
44.1882,4.2248,-5.0062,116.7348
44.23,4.1747,-4.9942,115.9389
44.2712,4.1247,-5.0054,115.1477
44.3119,4.0748,-5.0052,114.3633
44.3521,4.0249,-4.9928,113.5844
44.392,3.9748,-4.9921,112.8094
44.4311,3.9248,-5.0164,112.0425
44.4699,3.8749,-4.9914,111.284
44.5082,3.8248,-4.9907,110.5306
44.5459,3.7748,-5.016,109.7864
44.5832,3.7248,-4.99,109.0516
44.6199,3.6748,-5.0027,108.3248
44.6561,3.6249,-5.0026,107.6082
44.6919,3.5748,-4.9887,106.9
44.7273,3.5247,-5.002,106.2005
44.7619,3.4748,-5.0163,105.5139
44.7961,3.4249,-4.9879,104.8384
44.8298,3.3749,-5.0019,104.1723
44.8632,3.3248,-4.987,103.5159
44.8959,3.2747,-5.0168,102.8711
44.9281,3.2249,-5.0021,102.2401
44.9599,3.1749,-4.9864,101.6191
44.9912,3.1248,-5.0018,101.0083
45.022,3.0747,-5.0019,100.4098
45.0522,3.0247,-5.0021,99.8235
45.0819,2.9747,-5.0024,99.2496
45.1111,2.9248,-5.0026,98.6881
45.14,2.8747,-4.9853,98.1372
45.1681,2.8247,-5.0207,97.5988
45.1959,2.7748,-4.9852,97.0729
45.2232,2.7248,-5.0033,96.5577
45.2499,2.6748,-5.0038,96.0551
45.2761,2.6249,-5.0043,95.565
45.3019,2.5749,-4.9847,95.0856
45.3272,2.5247,-5.0045,94.6168
45.3519,2.4747,-5.0051,94.1605
45.3761,2.4248,-5.0058,93.7167
45.3999,2.3748,-4.9845,93.2835
45.4232,2.3246,-5.0062,92.8607
45.4459,2.2746,-5.0071,92.4504
45.4681,2.2248,-5.008,92.0523
45.4898,2.1749,-4.9846,91.6645
45.5113,2.1246,-4.9839,91.2853
45.5319,2.0746,-5.0344,90.9182
45.5522,2.0247,-4.9847,90.5631
45.5718,1.9748,-5.011,90.2182
45.5911,1.9248,-4.9844,89.8834
45.6098,1.8748,-5.0122,89.5586
45.6282,1.8247,-4.9841,89.2438
45.6459,1.7746,-5.0136,88.9389
45.6632,1.7245,-4.9839,88.6439
45.68,1.6744,-5.0153,88.3586
45.6961,1.6245,-5.0174,88.0849
45.7118,1.5748,-4.9847,87.8208
45.7272,1.5246,-4.9837,87.5645
45.7419,1.4745,-5.0197,87.3177
45.7562,1.4245,-4.9837,87.0804
45.7699,1.3745,-5.0225,86.8526
45.7832,1.3245,-4.9838,86.634
45.7958,1.2747,-5.0261,86.4248
45.8083,1.2244,-4.9397,86.2231
45.8198,1.1743,-5.0746,86.0306
45.8312,1.1243,-4.9359,85.8472
45.842,1.0739,-5.0306,85.6711
45.8521,1.0242,-5.0363,85.5059
45.8618,0.9747,-4.9841,85.3496
45.871,0.9248,-4.982,85.2005
45.8799,0.8746,-4.9795,85.0586
45.888,0.8246,-5.0454,84.9256
45.8958,0.7748,-4.9808,84.8014
45.9031,0.7246,-4.9774,84.6843
45.91,0.6739,-4.9729,84.5742
45.9162,0.6235,-5.0588,84.4729
45.922,0.5734,-4.9742,84.3803
45.9271,0.5238,-5.0801,84.2963
45.932,0.4736,-4.8617,84.2192
45.9362,0.4228,-5.0827,84.1491
45.94,0.3724,-4.9598,84.0876
45.9431,0.3228,-5.1306,84.0346
45.946,0.272,-4.7681,83.9886
45.9482,0.2201,-5.1286,83.9493
45.9498,0.172,-5.2918,83.9203
45.9511,0.1219,-4.5667,83.8982
45.9518,0.0709,-5.4057,83.8828